Benchmark,Dataset,Dimension,TimeLimit_s,TargetMakespan,Algorithm,Distance,Makespan,Fitness,Time_ms,Iterations,BeamExec,BeamImprove,Gap_percent,Feasible,Time_s_paper,Time_s_paper_ms,Time_diff_percent
AFG,rbg010a.tw,11,1200.0,3840.0,SMA-Beam,707.0,3840.0,3840.0,17.0,0,0,0,0.0,1,0.27,270.0,-93.7037037037037
AFG,rbg016a.tw,17,1200.0,2596.0,SMA-Beam,1016.0,2596.0,2596.0,26.0,0,0,0,0.0,1,0.23,230.0,-88.69565217391305
AFG,rbg016b.tw,17,1200.0,2094.0,SMA-Beam,1473.0,2094.0,2094.0,19.0,0,0,0,0.0,1,0.74,740.0,-97.43243243243244
AFG,rbg017.2.tw,16,1200.0,2351.0,SMA-Beam,991.0,2351.0,2351.0,19.0,0,0,0,0.0,1,2.93,2930.0,-99.35153583617748
AFG,rbg017.tw,16,1200.0,2351.0,SMA-Beam,991.0,2351.0,2351.0,20.0,0,0,0,0.0,1,0.97,970.0,-97.9381443298969
AFG,rbg017a.tw,18,1200.0,4296.0,SMA-Beam,4296.0,4296.0,4296.0,100.0,254,1,0,0.0,1,0.25,250.0,-60.0
AFG,rbg019a.tw,20,1200.0,2694.0,SMA-Beam,1405.0,2694.0,2694.0,19.0,0,0,0,0.0,1,0.2,200.0,-90.5
AFG,rbg019b.tw,20,1200.0,3840.0,SMA-Beam,1974.0,3840.0,3840.0,32.0,0,0,0,0.0,1,4.11,4110.0,-99.22141119221412
AFG,rbg019c.tw,20,1200.0,4536.0,SMA-Beam,4536.0,4536.0,4536.0,164.0,399,2,0,0.0,1,2.72,2720.0,-93.97058823529412
AFG,rbg019d.tw,20,1200.0,3479.0,SMA-Beam,1385.0,3479.0,3479.0,26.0,0,0,0,0.0,1,0.25,250.0,-89.60000000000001
AFG,rbg020a.tw,21,1200.0,4689.0,SMA-Beam,4689.0,4689.0,4689.0,440.0,1199,6,0,0.0,1,0.24,240.0,83.33333333333334
AFG,rbg021.2.tw,20,1200.0,4528.0,SMA-Beam,4543.0,4543.0,4543.0,1200024.0,1401330,7006,0,0.33,1,4.82,4820.0,24796.76348547718
AFG,rbg021.3.tw,20,1200.0,4528.0,SMA-Beam,4528.0,4528.0,4528.0,6709.0,9691,48,0,0.0,1,6.57,6570.0,2.1156773211567734
AFG,rbg021.4.tw,20,1200.0,4525.0,SMA-Beam,4525.0,4525.0,4525.0,11125.0,17262,86,0,0.0,1,6.64,6640.0,67.54518072289156
AFG,rbg021.5.tw,20,1200.0,4516.0,SMA-Beam,4520.0,4520.0,4520.0,1200003.0,1551056,7755,0,0.09,1,6.19,6190.0,19286.15508885299
AFG,rbg021.6.tw,20,1200.0,4492.0,SMA-Beam,4496.0,4496.0,4496.0,1200014.0,1203216,6016,1,0.09,1,15.35,15350.0,7717.680781758958
AFG,rbg021.7.tw,20,1200.0,4481.0,SMA-Beam,4488.0,4488.0,4488.0,1200002.0,1763172,8815,0,0.16,1,89.87,89870.0,1235.2642706131078
AFG,rbg021.8.tw,20,1200.0,4481.0,SMA-Beam,4492.0,4492.0,4492.0,1200006.0,1400177,7000,0,0.25,1,136.81,136810.0,777.1332504933849
AFG,rbg021.9.tw,20,1200.0,4481.0,SMA-Beam,4492.0,4492.0,4492.0,1200079.0,1498141,7490,0,0.25,1,104.94,104940.0,1043.5858585858587
AFG,rbg021.tw,20,1200.0,4536.0,SMA-Beam,4536.0,4536.0,4536.0,452.0,399,2,0,0.0,1,2.91,2910.0,-84.46735395189003
AFG,rbg027a.tw,28,1200.0,5093.0,SMA-Beam,5093.0,5093.0,5093.0,528.0,399,0,0,0.0,1,8.87,8870.0,-94.04735062006765
AFG,rbg031a.tw,32,1200.0,3498.0,SMA-Beam,2112.0,3498.0,3498.0,40.0,0,0,0,0.0,1,5.94,5940.0,-99.32659932659934
AFG,rbg033a.tw,34,1200.0,3757.0,SMA-Beam,2208.0,3757.0,3757.0,32.0,0,0,0,0.0,1,11.43,11430.0,-99.72003499562555
AFG,rbg034a.tw,35,1200.0,3314.0,SMA-Beam,2552.0,3314.0,3314.0,40.0,0,0,0,0.0,1,10.52,10520.0,-99.61977186311786
AFG,rbg035a.2.tw,36,1200.0,3325.0,SMA-Beam,2238.0,3325.0,3325.0,47.0,0,0,0,0.0,1,18.98,18980.0,-99.75237091675447
AFG,rbg035a.tw,36,1200.0,3388.0,SMA-Beam,2304.0,3388.0,3388.0,39.0,0,0,0,0.0,1,9.03,9030.0,-99.56810631229236
AFG,rbg038a.tw,39,1200.0,5699.0,SMA-Beam,2688.0,5699.0,5699.0,28.0,0,0,0,0.0,1,9.84,9840.0,-99.71544715447155
AFG,rbg040a.tw,41,1200.0,5679.0,SMA-Beam,2747.0,5679.0,5679.0,33.0,0,0,0,0.0,1,10.07,10070.0,-99.67229394240317
AFG,rbg041a.tw,42,1200.0,3793.0,SMA-Beam,2967.0,3793.0,3793.0,34.0,0,0,0,0.0,1,11.82,11820.0,-99.71235194585448
AFG,rbg042a.tw,43,1200.0,3260.0,SMA-Beam,3120.0,3261.0,3261.0,1200006.0,562548,562,0,0.03,1,55.62,55620.0,2057.5080906148864
AFG,rbg048a.tw,49,1200.0,9799.0,SMA-Beam,9749.0,9799.0,9799.0,851.0,399,0,0,0.0,1,32.45,32450.000000000004,-97.37750385208012
AFG,rbg049a.tw,50,1200.0,13257.0,SMA-Beam,10295.0,13257.0,13257.0,10116.0,3599,3,0,0.0,1,24.53,24530.0,-58.76070118222585
AFG,rbg050a.tw,51,1200.0,12050.0,SMA-Beam,3299.0,12050.0,12050.0,50.0,0,0,0,0.0,1,42.58,42580.0,-99.88257397839361
AFG,rbg050b.tw,51,1200.0,11957.0,SMA-Beam,9986.0,11961.0,11961.0,1200017.0,513745,513,0,0.03,1,,,
AFG,rbg050c.tw,51,1200.0,10985.0,SMA-Beam,10297.0,10985.0,10985.0,26645.0,10599,10,0,0.0,1,41.37,41370.0,-35.593425187333814
AFG,rbg055a.tw,56,1200.0,6929.0,SMA-Beam,4126.0,6929.0,6929.0,54.0,0,0,0,0.0,1,19.52,19520.0,-99.72336065573771
AFG,rbg067a.tw,68,1200.0,10331.0,SMA-Beam,4784.0,10331.0,10331.0,31.0,0,0,0,0.0,1,26.74,26740.0,-99.88406881077037
AFG,rbg086a.tw,87,1200.0,16899.0,SMA-Beam,8744.0,16899.0,16899.0,1909.0,399,0,0,0.0,1,23.52,23520.0,-91.88350340136054
AFG,rbg092a.tw,93,1200.0,12501.0,SMA-Beam,7575.0,12501.0,12501.0,5136.0,999,1,0,0.0,1,57.06,57060.0,-90.99894847528917
AFG,rbg125a.tw,126,1200.0,14214.0,SMA-Beam,8522.0,14214.0,14214.0,64.0,0,0,0,0.0,1,159.05,159050.0,-99.95976108142094
AFG,rbg132.2.tw,131,1200.0,18524.0,SMA-Beam,9253.0,18524.0,18524.0,88.0,0,0,0,0.0,1,256.79,256790.00000000003,-99.96573075275516
AFG,rbg132.tw,131,1200.0,18524.0,SMA-Beam,9151.0,18524.0,18524.0,7539.0,799,0,0,0.0,1,109.79,109790.0,-93.13325439475362
AFG,rbg152.3.tw,151,1200.0,17455.0,SMA-Beam,10511.0,17455.0,17455.0,88.0,0,0,0,0.0,1,449.59,449590.0,-99.98042661091216
AFG,rbg152.tw,151,1200.0,17455.0,SMA-Beam,10617.0,17455.0,17455.0,4576.0,399,0,0,0.0,1,214.97,214970.0,-97.87133088337907
AFG,rbg172a.tw,173,1200.0,17783.0,SMA-Beam,11853.0,17784.0,17784.0,1200010.0,91239,91,0,0.01,1,,,
AFG,rbg193.2.tw,192,1200.0,21401.0,SMA-Beam,13225.0,21401.0,21401.0,140.0,0,0,0,0.0,1,890.64,890640.0,-99.984280966496
AFG,rbg193.tw,192,1200.0,21401.0,SMA-Beam,13339.0,21401.0,21401.0,99404.0,4599,4,0,0.0,1,397.71,397710.0,-75.00590882804053
AFG,rbg201a.tw,202,1200.0,21380.0,SMA-Beam,13981.0,21380.0,21380.0,114584.0,4399,4,0,0.0,1,516.17,516169.99999999994,-77.80111203673208
AFG,rbg233.2.tw,232,1200.0,26143.0,SMA-Beam,15834.0,26143.0,26143.0,6597.0,199,0,0,0.0,1,880.14,880140.0,-99.2504601540664
AFG,rbg233.tw,232,1200.0,26143.0,SMA-Beam,16334.0,26143.0,26143.0,174376.0,5599,5,0,0.0,1,543.33,543330.0,-67.90606077337897
GendreauDumasExtended,n100w100.001.txt,101,1200.0,787.0,SMA-Beam,753.0,787.0,787.0,5940.0,1999,2,0,0.0,1,211.74,211740.0,-97.19467271181638
GendreauDumasExtended,n100w100.002.txt,101,1200.0,780.0,SMA-Beam,740.0,780.0,780.0,6519.0,1999,2,0,0.0,1,80.68,80680.0,-91.91993058998513
GendreauDumasExtended,n100w100.003.txt,101,1200.0,819.0,SMA-Beam,807.0,842.0,842.0,1200005.0,441541,441,0,2.81,1,,,
GendreauDumasExtended,n100w100.004.txt,101,1200.0,844.0,SMA-Beam,812.0,844.0,844.0,10502.0,2999,3,0,0.0,1,138.09,138090.0,-92.39481497574046
GendreauDumasExtended,n100w100.005.txt,101,1200.0,749.0,SMA-Beam,710.0,756.0,756.0,1200003.0,448408,448,0,0.93,1,235.8,235800.0,408.9071246819338
GendreauDumasExtended,n100w120.001.txt,101,1200.0,882.0,SMA-Beam,872.0,882.0,882.0,33.0,0,0,0,0.0,1,251.81,251810.0,-99.98689488106112
GendreauDumasExtended,n100w120.002.txt,101,1200.0,893.0,SMA-Beam,733.0,893.0,893.0,30.0,0,0,0,0.0,1,133.62,133620.0,-99.97754827121689
GendreauDumasExtended,n100w120.003.txt,101,1200.0,909.0,SMA-Beam,817.0,909.0,909.0,34.0,0,0,0,0.0,1,115.35,115350.0,-99.97052449068053
GendreauDumasExtended,n100w120.004.txt,101,1200.0,923.0,SMA-Beam,899.0,923.0,923.0,31.0,0,0,0,0.0,1,189.78,189780.0,-99.98366529665928
GendreauDumasExtended,n100w120.005.txt,101,1200.0,870.0,SMA-Beam,726.0,870.0,870.0,33.0,0,0,0,0.0,1,294.69,294690.0,-99.98880179171333
GendreauDumasExtended,n100w140.001.txt,101,1200.0,1008.0,SMA-Beam,762.0,1008.0,1008.0,1284.0,399,0,0,0.0,1,200.57,200570.0,-99.3598245001745
GendreauDumasExtended,n100w140.002.txt,101,1200.0,1021.0,SMA-Beam,735.0,1021.0,1021.0,603.0,199,0,0,0.0,1,158.9,158900.0,-99.62051604782883
GendreauDumasExtended,n100w140.003.txt,101,1200.0,844.0,SMA-Beam,605.0,844.0,844.0,31.0,0,0,0,0.0,1,177.1,177100.0,-99.98249576510446
GendreauDumasExtended,n100w140.004.txt,101,1200.0,854.0,SMA-Beam,624.0,854.0,854.0,38.0,0,0,0,0.0,1,157.21,157210.0,-99.97582850963678
GendreauDumasExtended,n100w140.005.txt,101,1200.0,805.0,SMA-Beam,657.0,805.0,805.0,624.0,199,0,0,0.0,1,177.25,177250.0,-99.64795486600846
GendreauDumasExtended,n100w160.001.txt,101,1200.0,868.0,SMA-Beam,849.0,868.0,868.0,452055.0,170999,171,0,0.0,1,887.56,887560.0,-49.06766866465366
GendreauDumasExtended,n100w160.002.txt,101,1200.0,791.0,SMA-Beam,709.0,791.0,791.0,2341.0,799,0,0,0.0,1,513.75,513750.0,-99.54433090024331
GendreauDumasExtended,n100w160.003.txt,101,1200.0,935.0,SMA-Beam,569.0,935.0,935.0,49.0,0,0,0,0.0,1,129.39,129389.99999999999,-99.96212999459
GendreauDumasExtended,n100w160.004.txt,101,1200.0,814.0,SMA-Beam,685.0,814.0,814.0,1978.0,599,0,0,0.0,1,307.28,307280.0,-99.3562874251497
GendreauDumasExtended,n100w160.005.txt,101,1200.0,917.0,SMA-Beam,765.0,917.0,917.0,630.0,199,0,0,0.0,1,331.31,331310.0,-99.80984576378619
GendreauDumasExtended,n100w80.001.txt,101,1200.0,797.0,SMA-Beam,732.0,797.0,797.0,13328.0,4799,4,0,0.0,1,167.87,167870.0,-92.0605230237684
GendreauDumasExtended,n100w80.002.txt,101,1200.0,790.0,SMA-Beam,760.0,790.0,790.0,7039.0,2199,2,0,0.0,1,74.09,74090.0,-90.49939263058442
GendreauDumasExtended,n100w80.003.txt,101,1200.0,829.0,SMA-Beam,766.0,829.0,829.0,8472.0,2999,3,0,0.0,1,,,
GendreauDumasExtended,n100w80.004.txt,101,1200.0,854.0,SMA-Beam,788.0,854.0,854.0,5078.0,1599,1,0,0.0,1,131.93,131930.0,-96.15098916091867
GendreauDumasExtended,n100w80.005.txt,101,1200.0,759.0,SMA-Beam,712.0,759.0,759.0,6392.0,1999,2,0,0.0,1,252.8,252800.0,-97.47151898734178
GendreauDumasExtended,n20w120.001.txt,21,1200.0,337.0,SMA-Beam,339.0,345.0,345.0,1200004.0,3369875,16849,0,2.37,1,4.1,4100.0,29168.39024390244
GendreauDumasExtended,n20w120.002.txt,21,1200.0,246.0,SMA-Beam,246.0,246.0,246.0,3367.0,8767,43,0,0.0,1,5.79,5790.0,-41.848013816925736
GendreauDumasExtended,n20w120.003.txt,21,1200.0,347.0,SMA-Beam,340.0,347.0,347.0,190.0,399,2,0,0.0,1,3.19,3190.0,-94.04388714733543
GendreauDumasExtended,n20w120.004.txt,21,1200.0,353.0,SMA-Beam,335.0,353.0,353.0,213.0,449,2,0,0.0,1,5.69,5690.0,-96.25659050966608
GendreauDumasExtended,n20w120.005.txt,21,1200.0,315.0,SMA-Beam,310.0,315.0,315.0,279.0,601,3,0,0.0,1,7.86,7860.0,-96.45038167938931
GendreauDumasExtended,n20w140.001.txt,21,1200.0,230.0,SMA-Beam,227.0,230.0,230.0,1590.0,4096,20,0,0.0,1,5.63,5630.0,-71.75843694493783
GendreauDumasExtended,n20w140.002.txt,21,1200.0,307.0,SMA-Beam,300.0,307.0,307.0,108.0,199,1,0,0.0,1,3.57,3570.0,-96.97478991596638
GendreauDumasExtended,n20w140.003.txt,21,1200.0,301.0,SMA-Beam,296.0,301.0,301.0,1750.0,4050,20,0,0.0,1,7.32,7320.0,-76.09289617486338
GendreauDumasExtended,n20w140.004.txt,21,1200.0,318.0,SMA-Beam,315.0,318.0,318.0,80.0,121,0,0,0.0,1,5.07,5070.0,-98.42209072978304
GendreauDumasExtended,n20w140.005.txt,21,1200.0,275.0,SMA-Beam,273.0,275.0,275.0,31.0,25,0,0,0.0,1,3.07,3070.0,-98.99022801302931
GendreauDumasExtended,n20w160.001.txt,21,1200.0,347.0,SMA-Beam,254.0,347.0,347.0,21.0,0,0,0,0.0,1,9.73,9730.0,-99.78417266187051
GendreauDumasExtended,n20w160.002.txt,21,1200.0,250.0,SMA-Beam,245.0,250.0,250.0,371.0,799,4,0,0.0,1,9.72,9720.0,-96.18312757201646
GendreauDumasExtended,n20w160.003.txt,21,1200.0,331.0,SMA-Beam,324.0,331.0,331.0,35.0,13,0,0,0.0,1,3.2,3200.0,-98.90625
GendreauDumasExtended,n20w160.004.txt,21,1200.0,287.0,SMA-Beam,274.0,287.0,287.0,40.0,40,0,0,0.0,1,4.51,4510.0,-99.1130820399113
GendreauDumasExtended,n20w160.005.txt,21,1200.0,342.0,SMA-Beam,336.0,342.0,342.0,22.0,4,0,0,0.0,1,8.68,8680.0,-99.74654377880185
GendreauDumasExtended,n20w180.001.txt,21,1200.0,353.0,SMA-Beam,346.0,353.0,353.0,38.0,35,0,0,0.0,1,5.81,5810.0,-99.34595524956971
GendreauDumasExtended,n20w180.002.txt,21,1200.0,347.0,SMA-Beam,342.0,347.0,347.0,184.0,348,1,0,0.0,1,5.66,5660.0,-96.74911660777386
GendreauDumasExtended,n20w180.003.txt,21,1200.0,315.0,SMA-Beam,320.0,320.0,320.0,1200001.0,3357694,16788,0,1.59,1,4.43,4430.0,26988.058690744918
GendreauDumasExtended,n20w180.004.txt,21,1200.0,284.0,SMA-Beam,286.0,288.0,288.0,1200001.0,3300488,16502,0,1.41,1,16.48,16480.0,7181.559466019418
GendreauDumasExtended,n20w180.005.txt,21,1200.0,257.0,SMA-Beam,250.0,257.0,257.0,63.0,81,0,0,0.0,1,7.35,7350.0,-99.14285714285714
GendreauDumasExtended,n20w200.001.txt,21,1200.0,259.0,SMA-Beam,254.0,259.0,259.0,76.0,116,0,0,0.0,1,8.05,8050.000000000001,-99.05590062111801
GendreauDumasExtended,n20w200.002.txt,21,1200.0,242.0,SMA-Beam,222.0,242.0,242.0,2386.0,5599,28,1,0.0,1,10.46,10460.0,-77.18929254302104
GendreauDumasExtended,n20w200.003.txt,21,1200.0,305.0,SMA-Beam,278.0,305.0,305.0,20.0,0,0,0,0.0,1,4.56,4560.0,-99.56140350877193
GendreauDumasExtended,n20w200.004.txt,21,1200.0,326.0,SMA-Beam,360.0,361.0,361.0,1200002.0,3325735,16628,0,10.74,1,14.22,14220.0,8338.832630098454
GendreauDumasExtended,n20w200.005.txt,21,1200.0,277.0,SMA-Beam,261.0,277.0,277.0,11.0,0,0,0,0.0,1,6.64,6640.0,-99.8343373493976
GendreauDumasExtended,n40w120.001.txt,41,1200.0,470.0,SMA-Beam,468.0,470.0,470.0,47996.0,54599,54,0,0.0,1,24.57,24570.0,95.34391534391534
GendreauDumasExtended,n40w120.002.txt,41,1200.0,557.0,SMA-Beam,552.0,557.0,557.0,832.0,799,0,0,0.0,1,16.01,16010.000000000002,-94.80324797001873
GendreauDumasExtended,n40w120.003.txt,41,1200.0,464.0,SMA-Beam,464.0,464.0,464.0,31866.0,36769,36,0,0.0,1,13.26,13260.0,140.31674208144796
GendreauDumasExtended,n40w120.004.txt,41,1200.0,392.0,SMA-Beam,392.0,392.0,392.0,917.0,999,1,0,0.0,1,30.9,30900.0,-97.03236245954693
GendreauDumasExtended,n40w120.005.txt,41,1200.0,470.0,SMA-Beam,415.0,470.0,470.0,222.0,199,0,0,0.0,1,16.39,16390.0,-98.64551555826723
GendreauDumasExtended,n40w140.001.txt,41,1200.0,460.0,SMA-Beam,405.0,460.0,460.0,202.0,199,0,0,0.0,1,53.39,53390.0,-99.62165199475557
GendreauDumasExtended,n40w140.002.txt,41,1200.0,459.0,SMA-Beam,420.0,459.0,459.0,18.0,0,0,0,0.0,1,20.75,20750.0,-99.9132530120482
GendreauDumasExtended,n40w140.003.txt,41,1200.0,476.0,SMA-Beam,473.0,476.0,476.0,61145.0,68599,68,0,0.0,1,11.08,11080.0,451.8501805054152
GendreauDumasExtended,n40w140.004.txt,41,1200.0,458.0,SMA-Beam,457.0,458.0,458.0,4088.0,4599,4,0,0.0,1,41.3,41300.0,-90.10169491525424
GendreauDumasExtended,n40w140.005.txt,41,1200.0,438.0,SMA-Beam,437.0,438.0,438.0,579.0,599,0,0,0.0,1,35.9,35900.0,-98.38718662952645
GendreauDumasExtended,n40w160.001.txt,41,1200.0,470.0,SMA-Beam,383.0,470.0,470.0,16.0,0,0,0,0.0,1,61.27,61270.0,-99.97388607801534
GendreauDumasExtended,n40w160.002.txt,41,1200.0,451.0,SMA-Beam,450.0,451.0,451.0,1065144.0,1282857,1282,0,0.0,1,50.2,50200.0,2021.800796812749
GendreauDumasExtended,n40w160.003.txt,41,1200.0,415.0,SMA-Beam,379.0,415.0,415.0,23.0,0,0,0,0.0,1,36.75,36750.0,-99.93741496598639
GendreauDumasExtended,n40w160.004.txt,41,1200.0,425.0,SMA-Beam,376.0,425.0,425.0,123625.0,138901,138,0,0.0,1,19.69,19690.0,527.8567800914169
GendreauDumasExtended,n40w160.005.txt,41,1200.0,373.0,SMA-Beam,352.0,373.0,373.0,396.0,399,0,0,0.0,1,36.81,36810.0,-98.92420537897311
GendreauDumasExtended,n40w180.001.txt,41,1200.0,444.0,SMA-Beam,442.0,453.0,453.0,1200004.0,1429903,1429,0,2.03,1,99.12,99120.0,1110.6577885391446
GendreauDumasExtended,n40w180.002.txt,41,1200.0,448.0,SMA-Beam,388.0,448.0,448.0,34.0,0,0,0,0.0,1,83.3,83300.0,-99.95918367346938
GendreauDumasExtended,n40w180.003.txt,41,1200.0,398.0,SMA-Beam,352.0,398.0,398.0,215.0,199,0,0,0.0,1,26.74,26740.0,-99.19596110695588
GendreauDumasExtended,n40w180.004.txt,41,1200.0,409.0,SMA-Beam,407.0,409.0,409.0,30328.0,34122,34,0,0.0,1,22.53,22530.0,34.611628939192194
GendreauDumasExtended,n40w180.005.txt,41,1200.0,438.0,SMA-Beam,428.0,438.0,438.0,871384.0,1056000,1056,0,0.0,1,89.39,89390.0,874.811500167804
GendreauDumasExtended,n40w200.001.txt,41,1200.0,416.0,SMA-Beam,403.0,416.0,416.0,1252.0,1399,1,0,0.0,1,32.94,32940.0,-96.19914996964177
GendreauDumasExtended,n40w200.002.txt,41,1200.0,402.0,SMA-Beam,393.0,402.0,402.0,391.0,399,0,0,0.0,1,51.8,51800.0,-99.24517374517374
GendreauDumasExtended,n40w200.003.txt,41,1200.0,408.0,SMA-Beam,407.0,408.0,408.0,14785.0,17199,17,0,0.0,1,48.11,48110.0,-69.26834337975473
GendreauDumasExtended,n40w200.004.txt,41,1200.0,426.0,SMA-Beam,424.0,426.0,426.0,1583.0,1799,1,0,0.0,1,24.35,24350.0,-93.49897330595482
GendreauDumasExtended,n40w200.005.txt,41,1200.0,408.0,SMA-Beam,366.0,408.0,408.0,204.0,199,0,0,0.0,1,50.26,50260.0,-99.5941106247513
GendreauDumasExtended,n60w120.001.txt,61,1200.0,536.0,SMA-Beam,535.0,536.0,536.0,1123.0,799,0,0,0.0,1,68.94,68940.0,-98.37104728749637
GendreauDumasExtended,n60w120.002.txt,61,1200.0,606.0,SMA-Beam,597.0,606.0,606.0,894.0,599,0,0,0.0,1,96.68,96680.0,-99.07529995862639
GendreauDumasExtended,n60w120.003.txt,61,1200.0,541.0,SMA-Beam,515.0,541.0,541.0,632.0,399,0,0,0.0,1,40.41,40410.0,-98.4360306854739
GendreauDumasExtended,n60w120.004.txt,61,1200.0,607.0,SMA-Beam,580.0,607.0,607.0,1158.0,799,0,0,0.0,1,29.59,29590.0,-96.08651571476851
GendreauDumasExtended,n60w120.005.txt,61,1200.0,579.0,SMA-Beam,571.0,579.0,579.0,1174.0,799,0,0,0.0,1,70.92,70920.0,-98.34461364918218
GendreauDumasExtended,n60w140.001.txt,61,1200.0,596.0,SMA-Beam,454.0,596.0,596.0,23.0,0,0,0,0.0,1,54.8,54800.0,-99.9580291970803
GendreauDumasExtended,n60w140.002.txt,61,1200.0,647.0,SMA-Beam,644.0,647.0,647.0,106165.0,73999,74,0,0.0,1,40.44,40440.0,162.52472799208704
GendreauDumasExtended,n60w140.003.txt,61,1200.0,625.0,SMA-Beam,615.0,625.0,625.0,91019.0,61999,62,0,0.0,1,63.29,63290.0,43.81260862695528
GendreauDumasExtended,n60w140.004.txt,61,1200.0,578.0,SMA-Beam,578.0,578.0,130578.0,1200003.0,874920,874,0,0.0,0,48.45,48450.0,2376.7863777089783
GendreauDumasExtended,n60w140.005.txt,61,1200.0,554.0,SMA-Beam,535.0,554.0,554.0,359347.0,263651,263,0,0.0,1,39.83,39830.0,802.2018578960582
GendreauDumasExtended,n60w160.001.txt,61,1200.0,672.0,SMA-Beam,659.0,672.0,672.0,9399.0,5999,6,0,0.0,1,57.99,57990.0,-83.79203310915675
GendreauDumasExtended,n60w160.002.txt,61,1200.0,665.0,SMA-Beam,612.0,665.0,665.0,18971.0,13199,13,0,0.0,1,36.21,36210.0,-47.6083954708644
GendreauDumasExtended,n60w160.003.txt,61,1200.0,569.0,SMA-Beam,499.0,569.0,569.0,347.0,199,0,0,0.0,1,78.76,78760.0,-99.55942102590147
GendreauDumasExtended,n60w160.004.txt,61,1200.0,573.0,SMA-Beam,569.0,573.0,573.0,932118.0,682916,682,0,0.0,1,214.91,214910.0,333.7248150388535
GendreauDumasExtended,n60w160.005.txt,61,1200.0,619.0,SMA-Beam,613.0,619.0,619.0,88340.0,63199,63,0,0.0,1,72.59,72590.0,21.697203471552555
GendreauDumasExtended,n60w180.001.txt,61,1200.0,556.0,SMA-Beam,469.0,556.0,556.0,28.0,0,0,0,0.0,1,85.01,85010.0,-99.96706269850606
GendreauDumasExtended,n60w180.002.txt,61,1200.0,561.0,SMA-Beam,560.0,561.0,561.0,97593.0,68999,69,0,0.0,1,59.32,59320.0,64.51955495616993
GendreauDumasExtended,n60w180.003.txt,61,1200.0,606.0,SMA-Beam,586.0,606.0,606.0,41045.0,28399,28,0,0.0,1,64.04,64040.00000000001,-35.90724547158027
GendreauDumasExtended,n60w180.004.txt,61,1200.0,629.0,SMA-Beam,628.0,629.0,629.0,3006.0,1999,2,0,0.0,1,110.83,110830.0,-97.28773797708202
GendreauDumasExtended,n60w180.005.txt,61,1200.0,528.0,SMA-Beam,524.0,528.0,528.0,522278.0,395399,395,0,0.0,1,102.2,102200.0,411.03522504892373
GendreauDumasExtended,n60w200.001.txt,61,1200.0,526.0,SMA-Beam,524.0,526.0,526.0,93564.0,76999,77,0,0.0,1,645.07,645070.0,-85.49552761715783
GendreauDumasExtended,n60w200.002.txt,61,1200.0,572.0,SMA-Beam,532.0,572.0,572.0,2620.0,1999,2,0,0.0,1,68.66,68660.0,-96.18409554325663
GendreauDumasExtended,n60w200.003.txt,61,1200.0,560.0,SMA-Beam,546.0,560.0,560.0,116116.0,96347,96,0,0.0,1,,,
GendreauDumasExtended,n60w200.004.txt,61,1200.0,575.0,SMA-Beam,480.0,575.0,575.0,14.0,0,0,0,0.0,1,53.71,53710.0,-99.97393409048594
GendreauDumasExtended,n60w200.005.txt,61,1200.0,618.0,SMA-Beam,465.0,618.0,618.0,14.0,0,0,0,0.0,1,159.49,159490.0,-99.99122202018935
GendreauDumasExtended,n80w100.001.txt,81,1200.0,676.0,SMA-Beam,669.0,676.0,676.0,2877.0,1599,1,0,0.0,1,43.5,43500.0,-93.38620689655173
GendreauDumasExtended,n80w100.002.txt,81,1200.0,721.0,SMA-Beam,692.0,721.0,721.0,497938.0,281599,281,0,0.0,1,232.78,232780.0,113.90927055588969
GendreauDumasExtended,n80w100.003.txt,81,1200.0,729.0,SMA-Beam,685.0,729.0,729.0,7450.0,3399,3,0,0.0,1,110.61,110610.0,-93.26462345176748
GendreauDumasExtended,n80w100.004.txt,81,1200.0,759.0,SMA-Beam,743.0,759.0,759.0,908699.0,526032,526,0,0.0,1,351.61,351610.0,158.43946417906204
GendreauDumasExtended,n80w100.005.txt,81,1200.0,671.0,SMA-Beam,641.0,671.0,671.0,9372.0,5199,5,0,0.0,1,244.7,244700.0,-96.1700040866367
GendreauDumasExtended,n80w120.001.txt,81,1200.0,675.0,SMA-Beam,646.0,675.0,675.0,1663.0,999,1,0,0.0,1,136.39,136390.0,-98.78070239753647
GendreauDumasExtended,n80w120.002.txt,81,1200.0,748.0,SMA-Beam,739.0,748.0,748.0,1655.0,999,1,0,0.0,1,50.59,50590.0,-96.7286024906108
GendreauDumasExtended,n80w120.003.txt,81,1200.0,677.0,SMA-Beam,669.0,677.0,677.0,1508.0,799,0,0,0.0,1,280.42,280420.0,-99.46223521860067
GendreauDumasExtended,n80w120.004.txt,81,1200.0,644.0,SMA-Beam,640.0,644.0,644.0,1770.0,999,1,0,0.0,1,108.18,108180.0,-98.36383804769828
GendreauDumasExtended,n80w120.005.txt,81,1200.0,743.0,SMA-Beam,707.0,743.0,743.0,1201.0,599,0,0,0.0,1,140.92,140920.0,-99.14774340051092
GendreauDumasExtended,n80w140.001.txt,81,1200.0,689.0,SMA-Beam,579.0,689.0,689.0,420.0,199,0,0,0.0,1,123.68,123680.0,-99.66041397153946
GendreauDumasExtended,n80w140.002.txt,81,1200.0,651.0,SMA-Beam,620.0,651.0,651.0,15858.0,7799,7,0,0.0,1,101.24,101240.0,-84.3362307388384
GendreauDumasExtended,n80w140.003.txt,81,1200.0,673.0,SMA-Beam,687.0,687.0,687.0,1200014.0,687678,687,0,2.08,1,303.24,303240.0,295.73077430418147
GendreauDumasExtended,n80w140.004.txt,81,1200.0,612.0,SMA-Beam,606.0,613.0,613.0,1200003.0,706843,706,0,0.16,1,122.16,122160.0,882.3207269155207
GendreauDumasExtended,n80w140.005.txt,81,1200.0,739.0,SMA-Beam,721.0,739.0,739.0,252043.0,143802,143,0,0.0,1,,,
GendreauDumasExtended,n80w160.001.txt,81,1200.0,624.0,SMA-Beam,646.0,666.0,666.0,1200002.0,709203,709,0,6.73,1,91.49,91490.0,1211.620942179473
GendreauDumasExtended,n80w160.002.txt,81,1200.0,654.0,SMA-Beam,635.0,661.0,661.0,1200000.0,707321,707,0,1.07,1,,,
GendreauDumasExtended,n80w160.003.txt,81,1200.0,690.0,SMA-Beam,694.0,697.0,697.0,1200003.0,701039,701,0,1.01,1,1014.22,1014220.0,18.317820591193232
GendreauDumasExtended,n80w160.004.txt,81,1200.0,655.0,SMA-Beam,652.0,655.0,655.0,754461.0,435360,435,0,0.0,1,389.99,389990.0,93.45649888458678
GendreauDumasExtended,n80w160.005.txt,81,1200.0,645.0,SMA-Beam,641.0,646.0,646.0,1200001.0,688848,688,0,0.16,1,325.87,325870.0,268.2453125479486
GendreauDumasExtended,n80w180.001.txt,81,1200.0,678.0,SMA-Beam,650.0,681.0,681.0,1200041.0,682800,682,0,0.44,1,98.66,98660.0,1116.339955402392
GendreauDumasExtended,n80w180.002.txt,81,1200.0,633.0,SMA-Beam,616.0,639.0,639.0,1200005.0,687499,687,0,0.95,1,,,
GendreauDumasExtended,n80w180.003.txt,81,1200.0,680.0,SMA-Beam,674.0,680.0,680.0,10427.0,5399,5,0,0.0,1,98.86,98860.0,-89.45276148088206
GendreauDumasExtended,n80w180.004.txt,81,1200.0,659.0,SMA-Beam,661.0,676.0,676.0,1200002.0,697469,697,0,2.58,1,554.48,554480.0,116.41934785745202
GendreauDumasExtended,n80w180.005.txt,81,1200.0,632.0,SMA-Beam,618.0,632.0,632.0,651303.0,370399,370,0,0.0,1,,,
GendreauDumasExtended,n80w200.001.txt,81,1200.0,626.0,SMA-Beam,613.0,626.0,626.0,11834.0,6599,6,0,0.0,1,79.82,79820.0,-85.17414181909297
GendreauDumasExtended,n80w200.002.txt,81,1200.0,638.0,SMA-Beam,598.0,638.0,638.0,2041.0,999,1,0,0.0,1,637.81,637810.0,-99.67999874570796
GendreauDumasExtended,n80w200.003.txt,81,1200.0,679.0,SMA-Beam,570.0,679.0,679.0,416.0,199,0,0,0.0,1,164.24,164240.0,-99.7467121285923
GendreauDumasExtended,n80w200.004.txt,81,1200.0,667.0,SMA-Beam,623.0,667.0,667.0,420.0,199,0,0,0.0,1,,,
GendreauDumasExtended,n80w200.005.txt,81,1200.0,621.0,SMA-Beam,601.0,621.0,621.0,843.0,399,0,0,0.0,1,1627.26,1627260.0,-99.94819512554847
Langevin,N20ft301.dat,20,1200.0,661.6,SMA-Beam,661.6,661.6,661.6,14.0,0,0,0,0.0,1,0.19,190.0,-92.63157894736842
Langevin,N20ft302.dat,20,1200.0,703.0,SMA-Beam,684.2,703.0,703.0,81.0,148,0,0,0.0,1,0.19,190.0,-57.36842105263158
Langevin,N20ft303.dat,20,1200.0,746.4,SMA-Beam,746.4,746.4,746.4,11.0,0,0,0,0.0,1,0.19,190.0,-94.21052631578948
Langevin,N20ft304.dat,20,1200.0,817.0,SMA-Beam,817.0,817.0,817.0,17.0,0,0,0,0.0,1,0.19,190.0,-91.05263157894737
Langevin,N20ft305.dat,20,1200.0,724.7,SMA-Beam,716.5,724.7,724.7,13.0,0,0,0,0.0,1,0.19,190.0,-93.15789473684211
Langevin,N20ft306.dat,20,1200.0,729.5,SMA-Beam,727.8,729.5,729.5,86.0,199,1,0,0.0,1,0.19,190.0,-54.736842105263165
Langevin,N20ft307.dat,20,1200.0,691.8,SMA-Beam,691.8,691.8,691.8,297.0,739,3,0,-0.0,1,0.2,200.0,48.5
Langevin,N20ft308.dat,20,1200.0,788.2,SMA-Beam,788.2,788.2,788.2,0.0,0,0,0,-0.0,1,0.24,240.0,-100.0
Langevin,N20ft309.dat,20,1200.0,751.8,SMA-Beam,740.5,751.8,751.8,16.0,0,0,0,0.0,1,0.19,190.0,-91.57894736842105
Langevin,N20ft310.dat,20,1200.0,693.8,SMA-Beam,683.0,693.8,693.8,57.0,89,0,0,0.0,1,0.21,210.0,-72.85714285714285
Langevin,N20ft401.dat,20,1200.0,660.9,SMA-Beam,660.8,660.9,660.9,94.0,199,1,0,0.0,1,0.2,200.0,-53.0
Langevin,N20ft402.dat,20,1200.0,701.0,SMA-Beam,684.2,701.0,701.0,22.0,0,0,0,0.0,1,0.23,230.0,-90.43478260869566
Langevin,N20ft403.dat,20,1200.0,746.4,SMA-Beam,746.4,746.4,746.4,21.0,0,0,0,0.0,1,0.19,190.0,-88.94736842105263
Langevin,N20ft404.dat,20,1200.0,817.0,SMA-Beam,817.0,817.0,817.0,32.0,0,0,0,0.0,1,0.21,210.0,-84.76190476190476
Langevin,N20ft405.dat,20,1200.0,724.7,SMA-Beam,716.5,724.7,724.7,17.0,0,0,0,0.0,1,0.2,200.0,-91.5
Langevin,N20ft406.dat,20,1200.0,728.5,SMA-Beam,727.8,728.5,728.5,91.0,199,1,0,0.0,1,0.22,220.0,-58.63636363636363
Langevin,N20ft407.dat,20,1200.0,691.8,SMA-Beam,691.8,691.8,691.8,108.0,199,1,0,-0.0,1,0.2,200.0,-46.0
Langevin,N20ft408.dat,20,1200.0,786.1,SMA-Beam,757.3,786.1,786.1,503.0,1399,7,0,0.0,1,0.19,190.0,164.73684210526315
Langevin,N20ft409.dat,20,1200.0,749.8,SMA-Beam,740.5,749.8,749.8,20.0,0,0,0,0.0,1,0.21,210.0,-90.47619047619048
Langevin,N20ft410.dat,20,1200.0,693.8,SMA-Beam,691.1,693.8,693.8,203.0,459,2,0,0.0,1,0.21,210.0,-3.3333333333333335
Langevin,N40ft201.dat,40,1200.0,1109.3,SMA-Beam,1100.6,1109.3,1109.3,187.0,199,0,0,-0.0,1,0.26,260.0,-28.076923076923077
Langevin,N40ft202.dat,40,1200.0,1017.4,SMA-Beam,1010.4,1017.4,1017.4,24.0,0,0,0,0.0,1,0.25,250.0,-90.4
Langevin,N40ft203.dat,40,1200.0,903.1,SMA-Beam,893.1,903.1,903.1,157.0,199,0,0,0.0,1,0.25,250.0,-37.2
Langevin,N40ft204.dat,40,1200.0,897.4,SMA-Beam,885.8,897.4,897.4,169.0,199,0,0,0.0,1,0.27,270.0,-37.407407407407405
Langevin,N40ft205.dat,40,1200.0,983.6,SMA-Beam,948.0,983.6,983.6,180.0,199,0,0,0.0,1,0.27,270.0,-33.33333333333333
Langevin,N40ft206.dat,40,1200.0,1081.9,SMA-Beam,1055.8,1081.9,1081.9,25.0,0,0,0,0.0,1,0.26,260.0,-90.38461538461539
Langevin,N40ft207.dat,40,1200.0,884.9,SMA-Beam,867.5,884.9,884.9,192.0,199,0,0,-0.0,1,0.27,270.0,-28.888888888888886
Langevin,N40ft208.dat,40,1200.0,1051.6,SMA-Beam,1050.7,1051.6,1051.6,1736.0,2199,4,0,0.0,1,0.24,240.0,623.3333333333334
Langevin,N40ft209.dat,40,1200.0,1027.5,SMA-Beam,1013.9,1027.5,1027.5,183.0,199,0,0,0.0,1,0.29,290.0,-36.896551724137936
Langevin,N40ft210.dat,40,1200.0,1035.3,SMA-Beam,1026.3,1035.3,1035.3,0.0,0,0,0,0.0,1,0.27,270.0,-100.0
Langevin,N40ft401.dat,40,1200.0,1105.2,SMA-Beam,1093.6,1105.2,1105.2,26828.0,36014,72,0,0.0,1,0.29,290.0,9151.034482758621
Langevin,N40ft402.dat,40,1200.0,1016.4,SMA-Beam,995.6,1016.4,1016.4,1527.0,1999,4,0,0.0,1,0.29,290.0,426.55172413793105
Langevin,N40ft403.dat,40,1200.0,903.1,SMA-Beam,859.4,903.1,903.1,1236.0,1599,3,0,0.0,1,0.41,410.0,201.46341463414635
Langevin,N40ft404.dat,40,1200.0,897.4,SMA-Beam,883.7,897.4,897.4,1914.0,2399,4,0,0.0,1,0.34,340.0,462.9411764705883
Langevin,N40ft405.dat,40,1200.0,982.6,SMA-Beam,978.4,982.6,982.6,180.0,199,0,0,0.0,1,0.37,370.0,-51.35135135135135
Langevin,N40ft406.dat,40,1200.0,1081.9,SMA-Beam,986.9,1081.9,1081.9,652.0,799,1,0,0.0,1,0.3,300.0,117.33333333333333
Langevin,N40ft407.dat,40,1200.0,872.2,SMA-Beam,831.8,872.2,872.2,1452.0,1799,3,0,-0.0,1,0.34,340.0,327.05882352941177
Langevin,N40ft408.dat,40,1200.0,1043.5,SMA-Beam,1009.1,1043.5,1043.5,649.0,799,1,0,0.0,1,0.33,330.0,96.66666666666667
Langevin,N40ft409.dat,40,1200.0,1025.5,SMA-Beam,1011.2,1025.5,1025.5,149.0,199,0,0,0.0,1,0.35,350.0,-57.42857142857143
Langevin,N40ft410.dat,40,1200.0,1034.3,SMA-Beam,1018.0,1034.3,1034.3,21.0,0,0,0,0.0,1,0.3,300.0,-93.0
Langevin,N60ft201.dat,60,1200.0,1375.4,SMA-Beam,1367.2,1375.4,1375.4,2802.0,2199,2,0,0.0,1,0.46,460.0,509.1304347826087
Langevin,N60ft202.dat,60,1200.0,1186.4,SMA-Beam,1161.6,1186.4,1186.4,5899.0,4799,4,0,0.0,1,0.44,440.0,1240.681818181818
Langevin,N60ft203.dat,60,1200.0,1194.2,SMA-Beam,1182.9,1194.2,1194.2,3777.0,2999,3,0,0.0,1,0.45,450.0,739.3333333333334
Langevin,N60ft204.dat,60,1200.0,1283.6,SMA-Beam,1283.0,1283.6,1283.6,257.0,199,0,0,0.0,1,0.53,530.0,-51.509433962264154
Langevin,N60ft205.dat,60,1200.0,1215.5,SMA-Beam,1187.1,1215.5,1215.5,2542.0,1999,2,0,0.0,1,0.47,470.0,440.8510638297872
Langevin,N60ft206.dat,60,1200.0,1238.8,SMA-Beam,1223.9,1238.8,1238.8,279.0,199,0,0,0.0,1,0.57,570.0,-51.05263157894737
Langevin,N60ft207.dat,60,1200.0,1305.3,SMA-Beam,1301.6,1305.3,1305.3,5126.0,3999,4,0,0.0,1,0.42,420.0,1120.4761904761904
Langevin,N60ft208.dat,60,1200.0,1172.6,SMA-Beam,1171.1,1172.6,1172.6,20.0,0,0,0,0.0,1,0.47,470.0,-95.74468085106383
Langevin,N60ft209.dat,60,1200.0,1243.8,SMA-Beam,1196.6,1243.8,1243.8,3076.0,2399,2,0,0.0,1,0.6,600.0,412.6666666666667
Langevin,N60ft210.dat,60,1200.0,1273.2,SMA-Beam,1271.4,1273.2,1273.2,30.0,0,0,0,0.0,1,0.51,510.0,-94.11764705882352
Langevin,N60ft301.dat,60,1200.0,1375.4,SMA-Beam,1358.1,1375.4,1375.4,2328.0,1799,1,0,0.0,1,0.53,530.0,339.2452830188679
Langevin,N60ft302.dat,60,1200.0,1184.4,SMA-Beam,1097.7,1184.4,1184.4,1573.0,1199,1,0,-0.0,1,0.57,570.0,175.96491228070175
Langevin,N60ft303.dat,60,1200.0,1194.2,SMA-Beam,1186.3,1194.2,1194.2,5410.0,4199,4,0,0.0,1,0.53,530.0,920.7547169811321
Langevin,N60ft304.dat,60,1200.0,1283.6,SMA-Beam,1252.8,1283.6,1283.6,3364.0,2599,2,0,0.0,1,0.63,630.0,433.9682539682539
Langevin,N60ft305.dat,60,1200.0,1214.5,SMA-Beam,1164.0,1214.5,1214.5,2255.0,1799,1,0,0.0,1,0.59,590.0,282.20338983050846
Langevin,N60ft306.dat,60,1200.0,1237.8,SMA-Beam,1219.4,1237.8,1237.8,21.0,0,0,0,0.0,1,0.65,650.0,-96.76923076923077
Langevin,N60ft307.dat,60,1200.0,1298.4,SMA-Beam,1236.8,1298.4,1298.4,190230.0,162999,163,0,-0.0,1,0.55,550.0,34487.27272727273
Langevin,N60ft308.dat,60,1200.0,1168.8,SMA-Beam,1129.9,1168.8,1168.8,2539.0,1999,2,0,0.0,1,0.56,560.0,353.39285714285717
Langevin,N60ft309.dat,60,1200.0,1242.8,SMA-Beam,1161.7,1242.8,1242.8,2319.0,1799,1,0,0.0,1,0.68,680.0,241.02941176470586
Langevin,N60ft310.dat,60,1200.0,1273.2,SMA-Beam,1257.7,1273.2,1273.2,2806.0,2199,2,0,0.0,1,1.98,1980.0,41.717171717171716
Langevin,N60ft401.dat,60,1200.0,1375.4,SMA-Beam,1364.9,1375.4,1375.4,3121.0,2399,2,0,0.0,1,0.74,740.0,321.7567567567568
Langevin,N60ft402.dat,60,1200.0,1183.4,SMA-Beam,1105.2,1183.4,1183.4,3373.0,2599,2,0,-0.0,1,1.46,1460.0,131.02739726027397
Langevin,N60ft403.dat,60,1200.0,1194.2,SMA-Beam,1179.7,1194.2,1194.2,6004.0,4799,4,0,0.0,1,1.81,1810.0,231.71270718232046
Langevin,N60ft404.dat,60,1200.0,1283.6,SMA-Beam,1245.7,1283.6,1283.6,3405.0,2599,2,0,0.0,1,0.77,770.0,342.20779220779224
Langevin,N60ft405.dat,60,1200.0,1212.5,SMA-Beam,1153.5,1212.5,1212.5,2857.0,2199,2,0,0.0,1,0.85,850.0,236.11764705882354
Langevin,N60ft406.dat,60,1200.0,1236.8,SMA-Beam,1174.0,1236.8,1236.8,3381.0,2599,2,0,0.0,1,4.25,4250.0,-20.447058823529414
Langevin,N60ft407.dat,60,1200.0,1296.4,SMA-Beam,1223.5,1296.4,1296.4,3564.0,2799,2,0,-0.0,1,0.66,660.0,440.00000000000006
Langevin,N60ft408.dat,60,1200.0,1150.0,SMA-Beam,1056.1,1150.0,1150.0,2552.0,1999,2,0,0.0,1,1.41,1410.0,80.99290780141844
Langevin,N60ft409.dat,60,1200.0,1241.8,SMA-Beam,1152.2,1241.8,1241.8,3042.0,2399,2,0,0.0,1,1.18,1180.0,157.79661016949154
Langevin,N60ft410.dat,60,1200.0,1273.2,SMA-Beam,1227.0,1273.2,1273.2,3018.0,2399,2,0,0.0,1,3.92,3920.0,-23.010204081632654
OhlmannThomas,n150w120.001.txt,151,1200.0,972.0,SMA-Beam,863.0,998.0,998.0,1200003.0,313702,313,0,2.67,1,825.73,825730.0,45.326317319220564
OhlmannThomas,n150w120.002.txt,151,1200.0,917.0,SMA-Beam,808.0,917.0,917.0,28025.0,7999,8,0,0.0,1,561.33,561330.0,-95.00739315554131
OhlmannThomas,n150w120.003.txt,151,1200.0,909.0,SMA-Beam,905.0,922.0,922.0,1200004.0,288320,288,0,1.43,1,1001.17,1001170.0,19.860163608577963
OhlmannThomas,n150w120.004.txt,151,1200.0,925.0,SMA-Beam,877.0,925.0,925.0,36899.0,5199,5,0,0.0,1,,,
OhlmannThomas,n150w120.005.txt,151,1200.0,907.0,SMA-Beam,836.0,907.0,907.0,2749.0,599,0,0,0.0,1,876.81,876810.0,-99.6864771159088
OhlmannThomas,n150w140.001.txt,151,1200.0,1008.0,SMA-Beam,940.0,1008.0,1008.0,4781.0,999,1,0,0.0,1,342.39,342390.0,-98.60363912497444
OhlmannThomas,n150w140.002.txt,151,1200.0,1020.0,SMA-Beam,938.0,1021.0,1021.0,1200006.0,153510,153,0,0.1,1,,,
OhlmannThomas,n150w140.003.txt,151,1200.0,844.0,SMA-Beam,827.0,845.0,845.0,1200016.0,132312,132,0,0.12,1,519.89,519890.0,130.82113524014696
OhlmannThomas,n150w140.004.txt,151,1200.0,898.0,SMA-Beam,882.0,898.0,898.0,185241.0,10399,10,0,0.0,1,,,
OhlmannThomas,n150w140.005.txt,151,1200.0,926.0,SMA-Beam,852.0,926.0,926.0,9878.0,399,0,0,0.0,1,,,
OhlmannThomas,n150w160.001.txt,151,1200.0,959.0,SMA-Beam,839.0,959.0,959.0,82443.0,5199,5,0,0.0,1,553.85,553850.0,-85.11456170443262
OhlmannThomas,n150w160.002.txt,151,1200.0,890.0,SMA-Beam,884.0,900.0,900.0,1200003.0,105521,105,0,1.12,1,,,
OhlmannThomas,n150w160.003.txt,151,1200.0,934.0,SMA-Beam,818.0,938.0,938.0,1200005.0,120441,120,0,0.43,1,581.8,581800.0,106.25730491577863
OhlmannThomas,n150w160.004.txt,151,1200.0,912.0,SMA-Beam,875.0,912.0,912.0,12687.0,2399,2,0,0.0,1,,,
OhlmannThomas,n150w160.005.txt,151,1200.0,920.0,SMA-Beam,873.0,966.0,966.0,1200004.0,266070,266,0,5.0,1,1329.53,1329530.0,-9.742239738855083
OhlmannThomas,n200w120.001.txt,201,1200.0,1089.0,SMA-Beam,1086.0,1091.0,1091.0,1200240.0,153800,153,0,0.18,1,,,
OhlmannThomas,n200w120.002.txt,201,1200.0,1072.0,SMA-Beam,862.0,1072.0,1072.0,75.0,0,0,0,0.0,1,,,
OhlmannThomas,n200w120.003.txt,201,1200.0,1128.0,SMA-Beam,1053.0,1129.0,1129.0,1200004.0,147021,147,0,0.09,1,696.3,696300.0,72.34008329742927
OhlmannThomas,n200w120.004.txt,201,1200.0,1072.0,SMA-Beam,1026.0,1072.0,1072.0,46894.0,4799,4,0,0.0,1,1445.56,1445560.0,-96.75599767564127
OhlmannThomas,n200w120.005.txt,201,1200.0,1073.0,SMA-Beam,1032.0,1073.0,1073.0,83225.0,9799,9,0,0.0,1,599.2,599200.0,-86.11064753004005
OhlmannThomas,n200w140.001.txt,201,1200.0,1138.0,SMA-Beam,1092.0,1146.0,1146.0,1200005.0,160252,160,0,0.7,1,,,
OhlmannThomas,n200w140.002.txt,201,1200.0,1087.0,SMA-Beam,1020.0,1087.0,1087.0,151134.0,15399,15,0,0.0,1,1927.46,1927460.0,-92.15890342730847
OhlmannThomas,n200w140.003.txt,201,1200.0,1083.0,SMA-Beam,1078.0,1084.0,1084.0,1200005.0,154080,154,0,0.09,1,,,
OhlmannThomas,n200w140.004.txt,201,1200.0,1100.0,SMA-Beam,1073.0,1100.0,1100.0,14435.0,1399,1,0,0.0,1,791.76,791760.0,-98.17684651914722
OhlmannThomas,n200w140.005.txt,201,1200.0,1121.0,SMA-Beam,1083.0,1121.0,1121.0,119348.0,13799,13,0,0.0,1,,,
SolomonPesant,rc201.0,26,1200.0,853.71,SMA-Beam,726.33,853.71,853.71,612.0,1199,2,0,-0.0,1,1.84,1840.0,-66.73913043478261
SolomonPesant,rc201.1,29,1200.0,850.48,SMA-Beam,823.87,850.48,850.48,1200007.0,1220312,2440,0,0.0,1,2.08,2080.0,57592.644230769234
SolomonPesant,rc201.2,29,1200.0,883.97,SMA-Beam,855.0,883.97,883.97,1218.0,999,2,0,-0.0,1,1.31,1310.0,-7.022900763358779
SolomonPesant,rc201.3,20,1200.0,722.43,SMA-Beam,537.63,722.43,722.43,1200003.0,3161827,15809,0,0.0,1,0.31,310.0,386997.7419354839
SolomonPesant,rc202.0,26,1200.0,850.48,SMA-Beam,525.4,850.48,850.48,1200003.0,2338810,4677,0,0.0,1,7.31,7310.0,16315.9097127223
SolomonPesant,rc202.1,23,1200.0,702.28,SMA-Beam,531.8,702.28,702.28,1200003.0,2718590,13592,0,0.0,1,7.96,7960.0,14975.414572864322
SolomonPesant,rc202.2,28,1200.0,853.71,SMA-Beam,764.16,853.71,853.71,584.0,799,1,0,-0.0,1,7.55,7550.0,-92.26490066225166
SolomonPesant,rc202.3,27,1200.0,883.97,SMA-Beam,755.01,883.97,883.97,407.0,599,1,0,-0.0,1,27.06,27060.0,-98.4959349593496
SolomonPesant,rc203.0,36,1200.0,870.52,SMA-Beam,869.25,870.52,870.52,1200145.0,969841,1939,0,0.0,1,48.78,48780.0,2360.3218532185324
SolomonPesant,rc203.1,38,1200.0,850.48,SMA-Beam,843.73,850.48,850.48,1200100.0,644334,1288,0,0.0,1,24.01,24010.0,4898.334027488547
SolomonPesant,rc203.2,29,1200.0,853.71,SMA-Beam,813.47,853.71,853.71,1278.0,799,1,0,-0.0,1,9.52,9520.0,-86.57563025210084
SolomonPesant,rc204.0,33,1200.0,839.24,SMA-Beam,615.88,839.24,839.24,50.0,0,0,0,-0.0,1,24.46,24460.0,-99.79558462796402
SolomonPesant,rc204.1,29,1200.0,492.6,SMA-Beam,498.54,498.54,498.54,1200103.0,871215,1742,0,1.21,1,62.26,62260.0,1827.5666559588822
SolomonPesant,rc204.2,41,1200.0,870.52,SMA-Beam,1002.61,1002.78,1528249.78,1200009.0,573561,573,0,15.19,0,,,
SolomonPesant,rc205.0,27,1200.0,834.62,SMA-Beam,702.25,834.62,834.62,551.0,301,0,0,-0.0,1,9.49,9490.0,-94.19388830347735
SolomonPesant,rc205.1,23,1200.0,899.24,SMA-Beam,666.4,899.24,899.24,32.0,0,0,0,-0.0,1,6.72,6720.0,-99.52380952380952
SolomonPesant,rc205.2,29,1200.0,908.79,SMA-Beam,815.81,908.79,908.79,3475.0,2504,5,0,-0.0,1,10.47,10470.0,-66.80993314231137
SolomonPesant,rc205.3,25,1200.0,684.21,SMA-Beam,698.77,699.94,699.94,1200002.0,1172610,5863,0,2.3,1,8.72,8720.0,13661.490825688074
SolomonPesant,rc206.0,36,1200.0,893.21,SMA-Beam,890.68,893.21,893.21,1200010.0,707689,1415,0,0.0,1,22.23,22230.0,5298.155645524066
SolomonPesant,rc206.1,34,1200.0,756.45,SMA-Beam,737.62,771.05,771.05,1200019.0,793129,1586,0,1.93,1,19.49,19490.0,6057.101077475629
SolomonPesant,rc206.2,33,1200.0,776.19,SMA-Beam,709.78,786.19,786.19,1200002.0,1169365,2338,0,1.29,1,32.61,32610.0,3579.8589389757744
SolomonPesant,rc207.0,38,1200.0,847.63,SMA-Beam,951.91,951.91,951.91,1200080.0,685432,1370,1,12.3,1,102.04,102040.0,1076.0878087024696
SolomonPesant,rc207.1,34,1200.0,785.37,SMA-Beam,803.9,817.84,817.84,1200072.0,676601,1353,0,4.13,1,39.23,39230.0,2959.067040530206
SolomonPesant,rc207.2,31,1200.0,650.8,SMA-Beam,651.89,651.89,651.89,1200076.0,745059,1490,0,0.17,1,35.39,35390.0,3291.0031082226615
SolomonPesant,rc208.0,45,1200.0,836.04,SMA-Beam,844.46,844.87,844.87,1200042.0,899460,899,0,1.06,1,1484.62,1484620.0,-19.168406730341772
SolomonPesant,rc208.1,28,1200.0,615.51,SMA-Beam,611.86,615.56,615.56,1200054.0,932526,1865,4,0.01,1,160.41,160410.0,648.1167009538059
SolomonPesant,rc208.2,30,1200.0,596.21,SMA-Beam,624.23,624.89,624.89,1200006.0,907153,1814,0,4.81,1,46.52,46520.0,2479.548581255374
SolomonPotvinBengio,rc_201.1.txt,20,1200.0,592.06,SMA-Beam,589.53,592.06,592.06,1200002.0,1440990,7204,0,0.0,1,0.53,530.0,226315.4716981132
SolomonPotvinBengio,rc_201.2.txt,26,1200.0,860.17,SMA-Beam,754.27,860.17,860.17,1200007.0,1026163,2052,0,0.0,1,0.49,490.0,244799.38775510204
SolomonPotvinBengio,rc_201.3.txt,32,1200.0,853.71,SMA-Beam,848.56,853.71,853.71,4480.0,3455,6,0,-0.0,1,1.32,1320.0,239.3939393939394
SolomonPotvinBengio,rc_201.4.txt,26,1200.0,889.18,SMA-Beam,825.42,889.18,889.18,1011.0,599,1,0,-0.0,1,0.28,280.0,261.07142857142856
SolomonPotvinBengio,rc_202.1.txt,33,1200.0,850.48,SMA-Beam,833.76,850.48,850.48,1200022.0,833146,1666,0,0.0,1,18.33,18330.0,6446.764866339335
SolomonPotvinBengio,rc_202.2.txt,14,1200.0,338.52,SMA-Beam,332.34,338.52,338.52,27.0,0,0,0,-0.0,1,0.56,560.0,-95.17857142857142
SolomonPotvinBengio,rc_202.3.txt,29,1200.0,894.1,SMA-Beam,874.17,894.1,894.1,1200002.0,860340,1720,0,0.0,1,6.64,6640.0,17972.319277108436
SolomonPotvinBengio,rc_202.4.txt,28,1200.0,853.71,SMA-Beam,839.43,853.78,853.78,1200002.0,967726,1935,0,0.01,1,10.08,10080.0,11804.781746031746
SolomonPotvinBengio,rc_203.1.txt,19,1200.0,488.42,SMA-Beam,465.74,488.42,488.42,1200056.0,1447527,7237,0,0.0,1,3.19,3190.0,37519.31034482759
SolomonPotvinBengio,rc_203.2.txt,33,1200.0,853.71,SMA-Beam,842.6,853.71,853.71,2536.0,1799,3,0,-0.0,1,19.7,19700.0,-87.1269035532995
SolomonPotvinBengio,rc_203.3.txt,37,1200.0,921.44,SMA-Beam,905.37,929.72,929.72,1200107.0,601336,1202,0,0.9,1,144.62,144620.0,729.8347393168303
SolomonPotvinBengio,rc_203.4.txt,15,1200.0,338.52,SMA-Beam,327.65,338.52,338.52,17.0,0,0,0,-0.0,1,1.18,1180.0,-98.5593220338983
SolomonPotvinBengio,rc_204.1.txt,46,1200.0,917.83,SMA-Beam,927.45,937.4,937.4,1200061.0,496480,496,0,2.13,1,,,
SolomonPotvinBengio,rc_204.2.txt,33,1200.0,690.06,SMA-Beam,685.0,690.06,690.06,237383.0,175725,351,1,-0.0,1,21.8,21800.0,988.9128440366973
SolomonPotvinBengio,rc_204.3.txt,24,1200.0,455.03,SMA-Beam,455.03,455.03,455.03,1200009.0,1159812,5799,1,0.0,1,20.02,20020.0,5894.050949050949
SolomonPotvinBengio,rc_205.1.txt,14,1200.0,417.81,SMA-Beam,379.97,417.81,417.81,18.0,8,0,0,-0.0,1,0.24,240.0,-92.5
SolomonPotvinBengio,rc_205.2.txt,27,1200.0,820.19,SMA-Beam,791.48,820.19,820.19,2166.0,1399,2,0,-0.0,1,9.12,9120.0,-76.25
SolomonPotvinBengio,rc_205.3.txt,35,1200.0,950.05,SMA-Beam,946.66,950.05,950.05,1200005.0,765391,1530,0,0.0,1,12.7,12700.0,9348.858267716536
SolomonPotvinBengio,rc_205.4.txt,28,1200.0,837.71,SMA-Beam,813.19,837.71,837.71,262209.0,186920,373,0,-0.0,1,7.29,7290.0,3496.8312757201643
SolomonPotvinBengio,rc_206.1.txt,4,1200.0,117.85,SMA-Beam,117.85,117.85,117.85,127.0,0,0,0,-0.0,1,0.2,200.0,-36.5
SolomonPotvinBengio,rc_206.2.txt,37,1200.0,870.49,SMA-Beam,864.06,883.25,883.25,1200014.0,635600,1271,1,1.47,1,74.81,74810.0,1504.0823419328967
SolomonPotvinBengio,rc_206.3.txt,25,1200.0,650.59,SMA-Beam,627.53,650.59,650.59,1200064.0,1020248,5101,0,0.0,1,12.57,12570.0,9447.048528241845
SolomonPotvinBengio,rc_206.4.txt,38,1200.0,911.98,SMA-Beam,900.64,923.62,923.62,1200021.0,627470,1254,0,1.28,1,107.78,107780.0,1013.3985897197995
SolomonPotvinBengio,rc_207.1.txt,34,1200.0,804.67,SMA-Beam,806.72,810.01,810.01,1200013.0,676142,1352,0,0.66,1,171.01,171010.0,601.7209519911116
SolomonPotvinBengio,rc_207.2.txt,31,1200.0,713.9,SMA-Beam,713.54,713.9,713.9,5097.0,2799,5,0,-0.0,1,43.02,43020.0,-88.15202231520223
SolomonPotvinBengio,rc_207.3.txt,33,1200.0,745.77,SMA-Beam,744.31,747.47,747.47,1200086.0,664496,1328,0,0.23,1,499.02,499020.0,140.48855757284278
SolomonPotvinBengio,rc_207.4.txt,6,1200.0,133.14,SMA-Beam,123.86,133.14,133.14,1200006.0,3014157,15070,0,0.0,1,0.22,220.0,545357.2727272727
SolomonPotvinBengio,rc_208.1.txt,38,1200.0,810.7,SMA-Beam,821.17,821.17,821.17,1200056.0,571518,1143,0,1.29,1,560.76,560760.0,114.00527855053855
SolomonPotvinBengio,rc_208.2.txt,29,1200.0,579.51,SMA-Beam,571.65,581.32,581.32,1200006.0,803782,1607,0,0.31,1,91.32,91320.0,1214.067017082786
SolomonPotvinBengio,rc_208.3.txt,36,1200.0,686.8,SMA-Beam,722.14,722.14,722.14,1200046.0,576645,1153,0,5.15,1,,,
dumas,n100w20.001.txt,101,120.0,827.0,SMA-Beam,803.0,827.0,827.0,12860.0,4399,4,0,0.0,1,4.66,4660.0,175.9656652360515
dumas,n100w20.002.txt,101,120.0,801.0,SMA-Beam,747.0,801.0,801.0,12525.0,4399,4,0,0.0,1,20.23,20230.0,-38.086999505684624
dumas,n100w20.003.txt,101,120.0,834.0,SMA-Beam,789.0,834.0,834.0,10414.0,3599,3,0,0.0,1,29.75,29750.0,-64.99495798319327
dumas,n100w20.004.txt,101,120.0,828.0,SMA-Beam,827.0,828.0,828.0,16219.0,5999,6,0,0.0,1,19.34,19340.0,-16.137538779731127
dumas,n100w20.005.txt,101,120.0,825.0,SMA-Beam,799.0,825.0,825.0,12039.0,4399,4,0,0.0,1,29.66,29660.0,-59.409979770735
dumas,n100w40.001.txt,101,120.0,841.0,SMA-Beam,806.0,841.0,841.0,9362.0,3399,3,0,0.0,1,49.35,49350.0,-81.02938196555218
dumas,n100w40.002.txt,101,120.0,786.0,SMA-Beam,725.0,786.0,786.0,8660.0,3199,3,0,0.0,1,179.21,179210.0,-95.16768037497908
dumas,n100w40.003.txt,101,120.0,835.0,SMA-Beam,824.0,835.0,835.0,5997.0,2199,2,0,0.0,1,162.4,162400.0,-96.30726600985223
dumas,n100w40.004.txt,101,120.0,809.0,SMA-Beam,706.0,809.0,809.0,3142.0,1199,1,0,0.0,1,48.29,48290.0,-93.49347691033341
dumas,n100w40.005.txt,101,120.0,834.0,SMA-Beam,770.0,834.0,834.0,9373.0,3599,3,0,0.0,1,117.29,117290.0,-92.00869639355443
dumas,n100w60.001.txt,101,120.0,824.0,SMA-Beam,752.0,824.0,824.0,6876.0,2399,2,0,0.0,1,162.88,162880.0,-95.77848722986248
dumas,n100w60.002.txt,101,120.0,782.0,SMA-Beam,705.0,782.0,782.0,5109.0,1799,1,0,0.0,1,104.97,104970.0,-95.13289511288939
dumas,n100w60.003.txt,101,120.0,856.0,SMA-Beam,801.0,856.0,856.0,19663.0,7399,7,0,0.0,1,124.66,124660.0,-84.22669661479225
dumas,n100w60.004.txt,101,120.0,834.0,SMA-Beam,798.0,834.0,834.0,5649.0,1999,2,0,0.0,1,95.44,95440.0,-94.08109807208717
dumas,n100w60.005.txt,101,120.0,790.0,SMA-Beam,721.0,790.0,790.0,7853.0,2999,3,0,0.0,1,87.49,87490.0,-91.02411704194765
dumas,n150w20.001.txt,151,120.0,1034.0,SMA-Beam,966.0,1034.0,1034.0,47230.0,8799,8,0,0.0,1,82.38,82380.0,-42.66812333090556
dumas,n150w20.002.txt,151,120.0,967.0,SMA-Beam,911.0,967.0,967.0,39650.0,7399,7,0,0.0,1,58.82,58820.0,-32.59095545732744
dumas,n150w20.003.txt,151,120.0,959.0,SMA-Beam,864.0,959.0,959.0,14566.0,2599,2,0,0.0,1,101.22,101220.0,-85.60956332740565
dumas,n150w20.004.txt,151,120.0,975.0,SMA-Beam,916.0,975.0,975.0,54288.0,7399,7,0,0.0,1,83.6,83600.0,-35.0622009569378
dumas,n150w20.005.txt,151,120.0,957.0,SMA-Beam,876.0,957.0,20957.0,120003.0,27436,27,0,0.0,0,174.31,174310.0,-31.15541277035167
dumas,n150w40.001.txt,151,120.0,1058.0,SMA-Beam,972.0,1058.0,1058.0,35424.0,9199,9,0,0.0,1,183.42,183420.0,-80.68694798822375
dumas,n150w40.002.txt,151,120.0,1072.0,SMA-Beam,1034.0,1072.0,1072.0,30484.0,7199,7,0,0.0,1,227.35,227350.0,-86.59159885638883
dumas,n150w40.003.txt,151,120.0,894.0,SMA-Beam,833.0,894.0,10894.0,120064.0,29000,29,0,0.0,0,495.32,495320.0,-75.76031656302996
dumas,n150w40.004.txt,151,120.0,948.0,SMA-Beam,867.0,948.0,948.0,34381.0,8799,8,0,0.0,1,162.54,162540.0,-78.84766826627292
dumas,n150w40.005.txt,151,120.0,980.0,SMA-Beam,908.0,980.0,980.0,26931.0,6599,6,0,0.0,1,194.03,194030.0,-86.1201875998557
dumas,n150w60.001.txt,151,120.0,1024.0,SMA-Beam,986.0,1027.0,1027.0,120002.0,27697,27,0,0.29,1,1361.14,1361140.0,-91.18371365179188
dumas,n150w60.002.txt,151,120.0,940.0,SMA-Beam,862.0,940.0,940.0,14479.0,2799,2,0,0.0,1,,,
dumas,n150w60.003.txt,151,120.0,984.0,SMA-Beam,891.0,984.0,984.0,52982.0,10399,10,0,0.0,1,493.46,493460.0,-89.26316216106676
dumas,n150w60.004.txt,151,120.0,998.0,SMA-Beam,921.0,998.0,998.0,38755.0,7599,7,0,0.0,1,316.13,316130.0,-87.74080283427705
dumas,n150w60.005.txt,151,120.0,997.0,SMA-Beam,948.0,997.0,60997.0,120003.0,23817,23,0,0.0,0,506.47,506470.0,-76.30600035540111
dumas,n200w20.001.txt,201,120.0,1139.0,SMA-Beam,1096.0,1139.0,1139.0,85268.0,9999,10,0,0.0,1,591.72,591720.0,-85.58980598931927
dumas,n200w20.002.txt,201,120.0,1124.0,SMA-Beam,1068.0,1124.0,1124.0,105304.0,10799,10,0,0.0,1,178.85,178850.0,-41.1216102879508
dumas,n200w20.003.txt,201,120.0,1178.0,SMA-Beam,1116.0,1178.0,1178.0,96652.0,9999,10,0,0.0,1,252.84,252840.0,-61.7734535674735
dumas,n200w20.004.txt,201,120.0,1125.0,SMA-Beam,1049.0,1125.0,21125.0,120309.0,12000,12,0,0.0,0,815.18,815180.0,-85.24141907308815
dumas,n200w20.005.txt,201,120.0,1123.0,SMA-Beam,1082.0,1123.0,1123.0,99773.0,10999,11,0,0.0,1,403.14,403140.0,-75.25102941906037
dumas,n200w40.001.txt,201,120.0,1188.0,SMA-Beam,1135.0,1188.0,1188.0,105968.0,10599,10,0,0.0,1,561.61,561610.0,-81.13139011057496
dumas,n200w40.002.txt,201,120.0,1137.0,SMA-Beam,1070.0,1137.0,621137.0,120003.0,16042,16,0,0.0,0,,,
dumas,n200w40.003.txt,201,120.0,1134.0,SMA-Beam,1066.0,1134.0,1134.0,85519.0,12199,12,0,0.0,1,1001.46,1001460.0,-91.46056757134583
dumas,n200w40.004.txt,201,120.0,1150.0,SMA-Beam,1064.0,1150.0,1150.0,44895.0,7399,7,0,0.0,1,854.4,854400.0,-94.74543539325843
dumas,n200w40.005.txt,201,120.0,1171.0,SMA-Beam,1144.0,1171.0,1171.0,89003.0,14399,14,0,0.0,1,675.02,675020.0,-86.81476104411722
dumas,n20w100.001.txt,21,120.0,309.0,SMA-Beam,300.0,309.0,309.0,70.0,199,1,0,0.0,1,2.83,2830.0,-97.52650176678446
dumas,n20w100.002.txt,21,120.0,285.0,SMA-Beam,276.0,285.0,285.0,167.0,504,2,0,0.0,1,3.1,3100.0,-94.61290322580645
dumas,n20w100.003.txt,21,120.0,358.0,SMA-Beam,354.0,358.0,358.0,210.0,654,3,0,0.0,1,4.41,4410.0,-95.23809523809523
dumas,n20w100.004.txt,21,120.0,379.0,SMA-Beam,373.0,379.0,379.0,51.0,125,0,0,0.0,1,1.05,1050.0,-95.14285714285714
dumas,n20w100.005.txt,21,120.0,327.0,SMA-Beam,281.0,327.0,327.0,7.0,0,0,0,0.0,1,2.96,2960.0,-99.76351351351352
dumas,n20w20.001.txt,21,120.0,387.0,SMA-Beam,378.0,387.0,387.0,454.0,1399,7,0,0.0,1,0.19,190.0,138.94736842105263
dumas,n20w20.002.txt,21,120.0,296.0,SMA-Beam,286.0,296.0,296.0,141.0,399,2,0,0.0,1,0.19,190.0,-25.789473684210527
dumas,n20w20.003.txt,21,120.0,403.0,SMA-Beam,394.0,403.0,403.0,10.0,0,0,0,0.0,1,0.19,190.0,-94.73684210526315
dumas,n20w20.004.txt,21,120.0,401.0,SMA-Beam,398.0,401.0,401.0,10.0,0,0,0,0.0,1,0.19,190.0,-94.73684210526315
dumas,n20w20.005.txt,21,120.0,365.0,SMA-Beam,362.0,365.0,365.0,11.0,0,0,0,0.0,1,0.19,190.0,-94.21052631578948
dumas,n20w40.001.txt,21,120.0,280.0,SMA-Beam,275.0,280.0,280.0,77.0,203,1,0,0.0,1,0.24,240.0,-67.91666666666667
dumas,n20w40.002.txt,21,120.0,357.0,SMA-Beam,344.0,357.0,357.0,137.0,399,2,0,0.0,1,0.19,190.0,-27.89473684210526
dumas,n20w40.003.txt,21,120.0,355.0,SMA-Beam,347.0,355.0,355.0,259.0,799,4,0,0.0,1,0.21,210.0,23.333333333333332
dumas,n20w40.004.txt,21,120.0,397.0,SMA-Beam,396.0,397.0,397.0,203.0,623,3,0,0.0,1,0.21,210.0,-3.3333333333333335
dumas,n20w40.005.txt,21,120.0,325.0,SMA-Beam,315.0,325.0,325.0,8.0,0,0,0,0.0,1,0.24,240.0,-96.66666666666667
dumas,n20w60.001.txt,21,120.0,400.0,SMA-Beam,385.0,400.0,400.0,9.0,0,0,0,0.0,1,1.03,1030.0,-99.12621359223301
dumas,n20w60.002.txt,21,120.0,300.0,SMA-Beam,280.0,300.0,300.0,9.0,0,0,0,0.0,1,0.22,220.0,-95.9090909090909
dumas,n20w60.003.txt,21,120.0,381.0,SMA-Beam,369.0,381.0,381.0,116.0,335,1,0,0.0,1,0.23,230.0,-49.56521739130435
dumas,n20w60.004.txt,21,120.0,337.0,SMA-Beam,328.0,337.0,337.0,11.0,0,0,0,0.0,1,2.13,2130.0,-99.48356807511736
dumas,n20w60.005.txt,21,120.0,392.0,SMA-Beam,366.0,392.0,392.0,75.0,197,0,0,0.0,1,0.24,240.0,-68.75
dumas,n20w80.001.txt,21,120.0,403.0,SMA-Beam,397.0,403.0,403.0,55.0,135,0,0,0.0,1,1.7,1700.0,-96.76470588235294
dumas,n20w80.002.txt,21,120.0,397.0,SMA-Beam,376.0,397.0,397.0,67.0,172,0,0,0.0,1,0.88,880.0,-92.38636363636363
dumas,n20w80.003.txt,21,120.0,365.0,SMA-Beam,342.0,365.0,365.0,69.0,179,0,0,0.0,1,0.31,310.0,-77.74193548387098
dumas,n20w80.004.txt,21,120.0,345.0,SMA-Beam,345.0,345.0,345.0,74.0,199,1,0,0.0,1,1.0,1000.0,-92.60000000000001
dumas,n20w80.005.txt,21,120.0,307.0,SMA-Beam,302.0,307.0,307.0,124.0,361,1,0,0.0,1,2.75,2750.0,-95.4909090909091
dumas,n40w100.001.txt,41,120.0,471.0,SMA-Beam,470.0,471.0,471.0,114445.0,183999,184,0,0.0,1,65.33,65330.0,75.17985611510791
dumas,n40w100.002.txt,41,120.0,452.0,SMA-Beam,436.0,452.0,452.0,1567.0,2399,2,0,0.0,1,25.75,25750.0,-93.91456310679611
dumas,n40w100.003.txt,41,120.0,458.0,SMA-Beam,428.0,458.0,458.0,1778.0,2669,2,0,0.0,1,29.04,29040.0,-93.87741046831955
dumas,n40w100.004.txt,41,120.0,476.0,SMA-Beam,461.0,476.0,476.0,2341.0,3599,3,0,0.0,1,16.11,16110.0,-85.46865301055246
dumas,n40w100.005.txt,41,120.0,458.0,SMA-Beam,410.0,458.0,458.0,10.0,0,0,0,0.0,1,13.81,13810.0,-99.9275887038378
dumas,n40w20.001.txt,41,120.0,523.0,SMA-Beam,513.0,523.0,523.0,35268.0,56599,56,0,0.0,1,0.36,360.0,9696.666666666666
dumas,n40w20.002.txt,41,120.0,607.0,SMA-Beam,560.0,618.0,1000010000000.0,120001.0,188954,188,0,1.81,0,0.56,560.0,21328.75
dumas,n40w20.003.txt,41,120.0,514.0,SMA-Beam,492.0,514.0,514.0,142.0,199,0,0,0.0,1,0.35,350.0,-59.42857142857143
dumas,n40w20.004.txt,41,120.0,442.0,SMA-Beam,404.0,442.0,442.0,665.0,999,1,0,0.0,1,0.3,300.0,121.66666666666666
dumas,n40w20.005.txt,41,120.0,520.0,SMA-Beam,504.0,520.0,520.0,1067.0,1599,1,0,0.0,1,0.31,310.0,244.19354838709677
dumas,n40w40.001.txt,41,120.0,510.0,SMA-Beam,484.0,510.0,510.0,1687.0,2599,2,0,0.0,1,0.52,520.0,224.42307692307693
dumas,n40w40.002.txt,41,120.0,519.0,SMA-Beam,488.0,519.0,519.0,417.0,599,0,0,0.0,1,9.47,9470.0,-95.59662090813093
dumas,n40w40.003.txt,41,120.0,536.0,SMA-Beam,494.0,536.0,536.0,284.0,399,0,0,0.0,1,1.98,1980.0,-85.65656565656565
dumas,n40w40.004.txt,41,120.0,508.0,SMA-Beam,497.0,508.0,508.0,1973.0,2999,3,0,0.0,1,5.51,5510.0,-64.1923774954628
dumas,n40w40.005.txt,41,120.0,488.0,SMA-Beam,469.0,488.0,488.0,684.0,999,1,0,0.0,1,6.18,6180.0,-88.93203883495146
dumas,n40w60.001.txt,41,120.0,535.0,SMA-Beam,534.0,535.0,535.0,1309.0,1999,2,0,0.0,1,11.12,11120.0,-88.22841726618705
dumas,n40w60.002.txt,41,120.0,509.0,SMA-Beam,497.0,509.0,509.0,1190.0,1799,1,0,0.0,1,10.98,10980.0,-89.16211293260473
dumas,n40w60.003.txt,41,120.0,465.0,SMA-Beam,429.0,465.0,465.0,547.0,799,0,0,0.0,1,14.94,14940.0,-96.33868808567604
dumas,n40w60.004.txt,41,120.0,475.0,SMA-Beam,449.0,475.0,475.0,59978.0,94296,94,0,0.0,1,12.92,12920.0,364.22600619195043
dumas,n40w60.005.txt,41,120.0,423.0,SMA-Beam,402.0,423.0,423.0,539.0,799,0,0,0.0,1,8.2,8200.0,-93.42682926829269
dumas,n40w80.001.txt,41,120.0,497.0,SMA-Beam,485.0,497.0,497.0,1323.0,1999,2,0,0.0,1,20.59,20590.0,-93.57455075279262
dumas,n40w80.002.txt,41,120.0,498.0,SMA-Beam,468.0,498.0,498.0,664.0,999,1,0,0.0,1,19.14,19140.0,-96.53082549634274
dumas,n40w80.003.txt,41,120.0,488.0,SMA-Beam,472.0,488.0,488.0,21202.0,33799,33,0,0.0,1,8.43,8430.0,151.50652431791224
dumas,n40w80.004.txt,41,120.0,462.0,SMA-Beam,454.0,462.0,462.0,1070.0,1599,1,0,0.0,1,21.09,21090.0,-94.92650545282125
dumas,n40w80.005.txt,41,120.0,488.0,SMA-Beam,379.0,488.0,488.0,147.0,199,0,0,0.0,1,25.29,25290.0,-99.41874258600237
dumas,n60w100.001.txt,61,120.0,576.0,SMA-Beam,574.0,576.0,576.0,2191.0,1999,2,0,0.0,1,41.17,41170.0,-94.67816371144036
dumas,n60w100.002.txt,61,120.0,622.0,SMA-Beam,650.0,658.0,658.0,120002.0,120293,120,0,5.79,1,31.61,31610.0,279.6330275229358
dumas,n60w100.003.txt,61,120.0,610.0,SMA-Beam,592.0,610.0,610.0,1897.0,1799,1,0,0.0,1,28.48,28480.0,-93.33918539325843
dumas,n60w100.004.txt,61,120.0,625.0,SMA-Beam,553.0,650.0,650.0,120002.0,118199,118,0,4.0,1,55.01,55010.0,118.14579167424104
dumas,n60w100.005.txt,61,120.0,668.0,SMA-Beam,478.0,668.0,668.0,233.0,199,0,0,0.0,1,42.2,42200.0,-99.4478672985782
dumas,n60w20.001.txt,61,120.0,586.0,SMA-Beam,564.0,586.0,586.0,3823.0,3599,3,0,0.0,1,2.0,2000.0,91.14999999999999
dumas,n60w20.002.txt,61,120.0,656.0,SMA-Beam,616.0,656.0,656.0,2199.0,1999,2,0,0.0,1,1.72,1720.0,27.848837209302324
dumas,n60w20.003.txt,61,120.0,593.0,SMA-Beam,559.0,593.0,593.0,2636.0,2399,2,0,0.0,1,1.26,1260.0,109.2063492063492
dumas,n60w20.004.txt,61,120.0,670.0,SMA-Beam,637.0,670.0,670.0,2421.0,2199,2,0,0.0,1,1.76,1760.0,37.55681818181818
dumas,n60w20.005.txt,61,120.0,629.0,SMA-Beam,618.0,629.0,629.0,1112.0,999,1,0,0.0,1,0.6,600.0,85.33333333333334
dumas,n60w40.001.txt,61,120.0,664.0,SMA-Beam,615.0,664.0,664.0,2854.0,2599,2,0,0.0,1,14.66,14660.0,-80.53206002728514
dumas,n60w40.002.txt,61,120.0,697.0,SMA-Beam,662.0,697.0,697.0,4235.0,3999,4,0,0.0,1,26.93,26930.0,-84.27404381730412
dumas,n60w40.003.txt,61,120.0,675.0,SMA-Beam,628.0,675.0,675.0,3227.0,2999,3,0,0.0,1,19.28,19280.0,-83.2624481327801
dumas,n60w40.004.txt,61,120.0,628.0,SMA-Beam,615.0,628.0,628.0,2645.0,2399,2,0,0.0,1,7.76,7760.0,-65.91494845360825
dumas,n60w40.005.txt,61,120.0,608.0,SMA-Beam,588.0,608.0,608.0,1587.0,1399,1,0,0.0,1,12.15,12150.0,-86.93827160493827
dumas,n60w60.001.txt,61,120.0,722.0,SMA-Beam,634.0,722.0,722.0,1761.0,1599,1,0,0.0,1,30.56,30560.0,-94.23756544502618
dumas,n60w60.002.txt,61,120.0,715.0,SMA-Beam,662.0,715.0,715.0,2997.0,2799,2,0,0.0,1,23.87,23870.0,-87.44449099287809
dumas,n60w60.003.txt,61,120.0,619.0,SMA-Beam,561.0,619.0,130619.0,120002.0,118261,118,0,0.0,0,49.79,49790.0,141.0162683269733
dumas,n60w60.004.txt,61,120.0,639.0,SMA-Beam,637.0,646.0,646.0,120004.0,119307,119,0,1.1,1,97.53,97530.0,23.043166205270175
dumas,n60w60.005.txt,61,120.0,669.0,SMA-Beam,616.0,669.0,669.0,2560.0,2199,2,0,0.0,1,20.1,20100.0,-87.2636815920398
dumas,n60w80.001.txt,61,120.0,606.0,SMA-Beam,536.0,606.0,606.0,3791.0,3399,3,0,0.0,1,48.23,48230.0,-92.13974704540743
dumas,n60w80.002.txt,61,120.0,611.0,SMA-Beam,569.0,611.0,611.0,5249.0,3999,4,0,0.0,1,34.0,34000.0,-84.56176470588235
dumas,n60w80.003.txt,61,120.0,656.0,SMA-Beam,622.0,656.0,656.0,4718.0,3399,3,0,0.0,1,33.02,33020.0,-85.71168988491823
dumas,n60w80.004.txt,61,120.0,679.0,SMA-Beam,643.0,679.0,679.0,3268.0,2399,2,0,0.0,1,42.62,42620.0,-92.3322383857344
dumas,n60w80.005.txt,61,120.0,589.0,SMA-Beam,529.0,589.0,589.0,3405.0,2599,2,0,0.0,1,44.11,44110.0,-92.2806619814101
dumas,n80w20.001.txt,81,120.0,729.0,SMA-Beam,626.0,729.0,729.0,6999.0,3599,3,0,0.0,1,29.1,29100.0,-75.94845360824742
dumas,n80w20.002.txt,81,120.0,798.0,SMA-Beam,781.0,798.0,798.0,7046.0,3599,3,0,0.0,1,13.71,13710.0,-48.606856309263314
dumas,n80w20.003.txt,81,120.0,727.0,SMA-Beam,682.0,727.0,727.0,5592.0,2799,2,0,0.0,1,5.47,5470.0,2.230347349177331
dumas,n80w20.004.txt,81,120.0,694.0,SMA-Beam,660.0,694.0,694.0,8692.0,4399,4,0,0.0,1,13.28,13280.0,-34.54819277108434
dumas,n80w20.005.txt,81,120.0,793.0,SMA-Beam,765.0,793.0,793.0,3920.0,1999,2,0,0.0,1,7.97,7970.0,-50.81555834378921
dumas,n80w40.001.txt,81,120.0,743.0,SMA-Beam,679.0,743.0,743.0,5977.0,2999,3,0,0.0,1,64.6,64599.99999999999,-90.74767801857585
dumas,n80w40.002.txt,81,120.0,701.0,SMA-Beam,661.0,701.0,701.0,4336.0,2399,2,0,0.0,1,32.7,32700.000000000004,-86.74006116207951
dumas,n80w40.003.txt,81,120.0,731.0,SMA-Beam,699.0,731.0,731.0,8570.0,4999,5,0,0.0,1,59.81,59810.0,-85.67129242601573
dumas,n80w40.004.txt,81,120.0,662.0,SMA-Beam,624.0,662.0,662.0,5031.0,2799,2,0,0.0,1,47.81,47810.0,-89.47709684166493
dumas,n80w40.005.txt,81,120.0,791.0,SMA-Beam,747.0,791.0,791.0,3293.0,1999,2,0,0.0,1,28.4,28400.0,-88.40492957746478
dumas,n80w60.001.txt,81,120.0,674.0,SMA-Beam,605.0,674.0,674.0,3521.0,2199,2,0,0.0,1,46.05,46050.0,-92.35396308360477
dumas,n80w60.002.txt,81,120.0,733.0,SMA-Beam,682.0,733.0,733.0,1672.0,999,1,0,0.0,1,88.4,88400.0,-98.10859728506787
dumas,n80w60.003.txt,81,120.0,743.0,SMA-Beam,679.0,754.0,70754.0,120000.0,82851,82,0,1.48,0,165.29,165290.0,-27.40032669852986
dumas,n80w60.004.txt,81,120.0,718.0,SMA-Beam,664.0,718.0,718.0,7526.0,4799,4,0,0.0,1,64.72,64720.0,-88.37144622991347
dumas,n80w60.005.txt,81,120.0,695.0,SMA-Beam,661.0,695.0,695.0,7381.0,4799,4,0,0.0,1,48.39,48390.0,-84.74684852242198
dumas,n80w80.001.txt,81,120.0,728.0,SMA-Beam,693.0,728.0,728.0,1044.0,599,0,0,0.0,1,61.2,61200.0,-98.29411764705883
dumas,n80w80.002.txt,81,120.0,690.0,SMA-Beam,670.0,693.0,693.0,120001.0,78680,78,0,0.43,1,290.7,290700.0,-58.719986240110075
dumas,n80w80.003.txt,81,120.0,730.0,SMA-Beam,645.0,730.0,730.0,6415.0,3399,3,0,0.0,1,68.74,68740.0,-90.66773348850742
dumas,n80w80.004.txt,81,120.0,743.0,SMA-Beam,683.0,743.0,743.0,3079.0,1599,1,0,0.0,1,108.65,108650.0,-97.1661297745053
dumas,n80w80.005.txt,81,120.0,682.0,SMA-Beam,632.0,682.0,682.0,8842.0,4399,4,0,0.0,1,127.21,127210.0,-93.049288577942
